"","y","x1","x2","x3","x4"
"1",273.718704856337,24.2394980229955,15.7550436972771,29.4509070845809,8.96522452029315
"2",266.987560929254,21.8545836645749,15.2653121703975,27.7199954262981,7.87347778777287
"3",309.364181930268,26.8608692350825,19.4427936669525,34.8195696323571,9.53686566850788
"4",283.836604217265,25.9891401352166,16.6238098269876,31.2800517406339,9.67381378558135
"5",296.426178851738,28.3376698772536,17.8360575826397,33.7889396473167,10.6027242902571
"6",275.432740920798,22.0093021340165,16.1997239807525,28.82302518908,7.76886615888321
"7",266.074481902708,22.3132857314313,15.142393146366,27.81429163077,8.13015619506056
"8",252.250789552498,20.3436850659726,13.9332395412221,25.4948463322909,7.38709113524953
"9",331.726473927629,31.0337403380122,21.2720207832527,38.9146502369663,11.2625679665182
"10",269.125542748633,21.6539149286545,15.8823139975584,28.2940057620083,7.65575613760838
"11",307.25883318704,28.4358436412202,18.7464640711105,34.8369328210493,10.4683281508823
"12",270.578395435175,21.0388656134884,16.1293185389675,28.2609074991867,7.29225399410753
"13",239.268411616951,19.6577845896326,12.4312550721686,23.5028518064482,7.34338700807781
"14",303.961059482502,27.6967977893987,18.5302790567296,34.2306967628539,10.1440313534869
"15",266.254857412528,21.4877961478634,15.4805268635695,27.7724205167596,7.64471184005275
"16",228.427371090251,15.7950483004088,11.9057537312478,20.9930776041833,5.51814472220183
"17",233.484558544155,17.0003776236169,12.2977318007312,22.0300185909707,6.03927664671959
"18",267.852315367551,21.4261161500354,15.4552064024188,27.7150112098916,7.61876565250311
"19",244.864328968078,18.790149976285,13.3627538129757,24.0939479245745,6.72749099064093
"20",264.511441075808,20.9424277202366,15.4635322618071,27.4784561087871,7.37919594796432
"21",299.325172954031,26.4355772392778,18.1638062426562,33.197114748278,9.5877703868335
"22",280.286530847479,22.6650726555808,16.9372134810071,29.9617842736039,7.95062199117479
"23",263.043938413892,20.8411775261802,14.9096723074953,26.8207653646954,7.436734138229
"24",226.423258219022,14.1009264252726,11.9357112564617,20.1815840956234,4.65962263447068
"25",301.007496371792,28.0761290351651,18.2280518489939,34.089369958669,10.3936834841564
"26",241.797059889919,17.2889364580484,13.2042547943046,23.1679886894173,6.0030835347848
"27",247.087154480108,19.4913082938249,13.5686108454667,24.6748677400317,7.03015257471484
"28",293.703328234503,25.0749538927424,18.0271634252897,32.3660929577506,8.93401437428614
"29",235.920488662182,19.4287710308786,11.9443835256552,22.8546069101253,7.32239977726881
"30",282.440986426769,25.4816816156392,16.5168597615107,30.9109801695528,9.43575388404463
"31",255.804473515325,20.3937740828993,14.2494732579786,25.8750883760486,7.34263283528253
"32",254.244762219996,20.901099996033,14.0935928870958,25.9545328866439,7.63101029427063
"33",293.49936679508,27.537192298555,17.3338024543206,32.8348851583357,10.3028343671907
"34",316.656906830144,29.7527254214774,19.7628507281201,36.6191170011654,10.9203638726426
"35",204.937792534114,11.2605675008656,9.99694608684738,16.6297113465951,3.62485837821027
"36",269.153367497459,20.6428594193187,15.7778627421026,27.6780195530636,7.16613317147404
"37",232.15428131189,15.8849455782557,12.5049314935332,21.7015453924758,5.43525395841306
"38",206.546073913012,13.0571016142369,9.66918638872407,17.1653591092005,4.59703067611337
"39",294.158132512697,25.5709186519222,17.635144331218,32.1844261216193,9.25963139963551
"40",228.950417934768,17.4730020063839,11.7157577889519,21.6217653446181,6.39566505360151
"41",274.541803612979,22.0764972756684,16.1950040564348,28.853983662343,7.79395248232438
"42",354.556105882273,34.2125044263441,23.600253668482,43.0650217433427,12.3858128710393
"43",317.629338596101,28.5318787175356,20.1109614569285,36.3846930730069,10.2444827260767
"44",240.280637132411,16.5512166236572,13.0451852406735,22.6247428471462,5.66722678134982
"45",257.755656595334,19.6698073173833,14.6292105777334,25.9260811066028,6.90858340432775
"46",262.248138942681,21.6310167269465,14.972841468873,27.2877739166353,7.81955197096398
"47",254.45929229633,21.8584025217418,13.909602019456,26.2283330407524,8.14744927913252
"48",275.143338126055,23.2529745659672,16.188354889718,29.4294982135168,8.39315756297421
"49",264.500061679421,20.4549174118626,15.3214726105589,27.0818816409163,7.16291971828732
"50",311.567239262361,28.2533421526941,19.4333844900595,35.5053519028616,10.2396905605419
"51",299.293728464826,27.41558520039,17.9925486435083,33.4999457665462,10.1103587607425
"52",300.750180037336,26.0190946729107,18.7169141547352,33.6006950380731,9.26224415399773
"53",191.749208576455,10.4502656100526,8.56202184995359,14.6464706906466,3.50844918908304
"54",305.050107901741,25.918904692378,18.9778660532554,33.8369596886285,9.16105162470659
"55",214.331804227013,12.2395800066608,10.6039652155723,17.7849525335779,3.99677020475543
"56",272.54940488269,23.9009002993697,15.5022914206622,28.9978506056496,8.85332046537839
"57",230.156554584039,16.8471461976996,11.9278979343942,21.5437135544099,6.03533504474356
"58",224.750422997863,16.0835189710043,11.2812180192446,20.4503713215248,5.79055860875047
"59",213.987997307475,12.1450042931626,10.8687365126587,18.0255021930695,3.89902408975083
"60",289.555062189894,22.940686612885,17.7920431138028,31.0409272086889,7.91394864823659
"61",275.380999723481,24.6716061095715,15.8829268427845,29.8039086301634,9.16417855344809
"62",246.543503310288,21.4241816648016,12.8985244189774,24.90296170024,8.13115305588261
"63",222.026141127107,14.3658727018829,11.3465530442536,19.6701367862847,4.90789513811772
"64",242.228118191243,17.4758650203517,12.9827974316623,23.0182994152378,6.14228453324063
"65",299.230437680643,27.4983463330756,18.132437228537,33.6939453274009,10.1251749892693
"66",221.87002815721,12.773810542746,11.5615748501978,19.1042742196851,4.07479848885298
"67",256.721186800796,19.4109275422881,14.4858277812611,25.6410079785514,6.80867089285395
"68",287.84620945617,25.0959789653159,17.2756293786274,31.5478234243248,9.09609816683064
"69",345.844408835463,34.6806550604211,22.3017202931297,41.8725401378489,12.8811101063094
"70",286.46889164946,26.5730088070027,16.6880078367276,31.639262735764,9.95461852895395
"71",211.413881171658,13.2363795346241,10.1708240167632,17.8058618529386,4.58169657871295
"72",216.49256172567,14.3331658019356,10.735931958558,18.9770947132947,5.01764868351509
"73",225.221939859558,14.5951417902947,11.7091087153869,20.1754086585777,4.95812024665821
"74",285.907471558677,25.0455441291058,17.0867636335338,31.3182765039034,9.10443514150163
"75",269.077301904082,21.0897067895642,15.7168563771801,27.8326335531385,7.39992269468389
"76",319.406808387965,30.7079886532285,19.8324402672629,37.1642222141085,11.3952125121853
"77",204.526023405426,11.3863685050872,9.96795098964986,16.6596749274593,3.70026526286273
"78",274.229106224636,24.1459367244675,15.9135662465255,29.5794521908311,8.88679495350261
"79",221.381884310734,12.8309528176388,11.6037171069143,19.1805141223475,4.0928832646413
"80",269.666483005135,21.4131252841685,15.8869927892398,28.1832777687704,7.52940468159732
"81",263.182929830798,22.0057375031545,14.9963848773172,27.4999898893608,8.00186333776571
"82",292.127654393838,26.140576506856,17.5080223653596,32.3333467670744,9.56483623063192
"83",248.528927855834,19.955390317494,13.5244101522716,24.8571553318527,7.27168280994367
"84",234.337759415264,14.5145828443061,12.8524811145036,21.3938954682971,4.68422697152799
"85",241.125345994071,20.8750874774564,12.4979445058086,24.1841711108187,7.94304026783327
"86",180.886064795479,8.75963000286959,7.39107592115572,12.5103831577712,2.89969718465347
"87",252.996712173111,20.3881871352757,13.9644254355918,25.5519525911487,7.40291184887142
"88",284.839353070252,24.8365994361972,16.8944418262483,31.004920083595,9.03824786901115
"89",278.710008539633,22.6792872377367,16.4400373162023,29.4230535125684,8.05396348656048
"90",227.044539642206,15.0125820425168,11.8674275741405,20.5640215640515,5.12984286095418
"91",228.142436326749,17.6274668493488,11.5942251697088,21.569896735834,6.49164339448305
"92",236.648141975676,17.5027085985175,12.6435118145908,22.6629643213046,6.22089089650319
"93",323.74238689386,32.1756947074033,20.1012494123659,38.1988550380371,12.06822211119
"94",291.795961208696,27.7114721659263,17.3345250657816,32.925522082408,10.3859711103682
"95",260.417002840507,21.2563151346937,14.5627049966212,26.649062317904,7.71616896350131
"96",243.968716971715,19.128799567071,13.1439001964589,24.0204098895823,6.93918966840626
"97",285.516456561641,23.1515479294603,17.1268808229689,30.4164701028142,8.15070366490573
"98",277.234233693771,25.5547235098816,15.981480151163,30.3598724389495,9.58086915342253
"99",259.272059840157,20.3341824073266,14.6160671558814,26.24378861809,7.24413871956221
"100",310.789354595838,28.6352458208063,19.325378355696,35.5727304467843,10.4584845515452
"101",239.642601903907,16.8181746720193,13.0600605438623,22.7780389264439,5.79359417461163
"102",267.884707759483,21.9235648078917,15.6188604186631,28.1413119974944,7.83970453850104
"103",265.314304272183,22.8926980689332,15.1141857213606,28.0707409749972,8.42362780546418
"104",209.415476064259,15.096975659225,9.7335966250744,18.2555047909695,5.59847698311057
"105",232.375439365465,17.4966424243715,11.905401249689,21.8467756017578,6.3642570704003
"106",262.744179293816,23.9431860799395,14.6955078215303,28.138079873529,9.03248292432866
"107",239.208929457753,19.1824958180361,12.367970321294,23.1954755800341,7.12012473715918
"108",247.347865105216,19.3333062452055,13.5633265720509,24.5865629723506,6.95392759415028
"109",283.095238572523,24.5580532875845,16.665805536997,30.6137444552439,8.9443406114
"110",239.91108312041,18.4566862081325,12.7035205431733,23.2032976782269,6.68813558134951
"111",276.181847171578,23.2164648669672,16.0186588142963,29.2286218860806,8.40634252123607
"112",230.334202633689,15.9860310996091,11.9199407404724,21.1037375603778,5.61124074218239
"113",272.541562569206,24.0880352508445,15.6778825843852,29.2924041015279,8.9053625011278
"114",222.575598618904,13.6394720924561,11.4427148869801,19.4053718022485,4.53203272118898
"115",259.920592378335,18.9435292081589,14.9666453022395,25.9347435275899,6.47951841474399
"116",282.722762156,23.561513751555,16.9191162447525,30.3909687632217,8.39725617180752
"117",303.39997217124,28.2409897166096,18.3968764412161,34.3558527549772,10.4448273869543
"118",215.1530925629,14.3377484545713,10.6668200896214,18.9037714043324,5.03389250281312
"119",240.833444253688,19.1509852460536,12.7466460697294,23.6011441630203,7.02148572900624
"120",244.219908185212,19.703773630319,13.0674288321002,24.2273476256406,7.2393532167709
"121",334.629262112207,33.6040747588442,21.1827517640847,40.1010113913508,12.5648911974903
"122",218.419426375808,15.6724483041798,10.7214419002194,19.6293500407219,5.69028911330819
"123",272.512575827243,22.558590815411,15.6223468434517,28.464945474703,8.15215748096413
"124",231.270590828845,18.1365611770678,11.7961465642166,22.0439411930666,6.71318676814732
"125",262.420289269417,21.8283049854518,14.8974388188578,27.2989457809685,7.93835109536252
"126",297.182807681633,27.2709961632979,18.1202206328199,33.5667906808751,10.0090612390521
"127",268.125276183579,22.2768321472352,15.3577476203487,28.0323035359681,8.06456240016829
"128",233.294395308193,17.7764530562191,11.9096294025507,21.9881041691032,6.507216023602
"129",296.973621613283,27.6866637422627,17.9199746577976,33.5556078411825,10.2622252386942
"130",268.735452532348,21.1065318808194,15.6681075670119,27.7902631450138,7.41703603682593
"131",325.513992714351,30.7605046424075,20.60596601915,38.042650299709,11.2605688925834
"132",263.324188264794,20.0537679378207,15.5290917231924,27.1116332223659,6.91339044048896
"133",313.019436463922,30.2458621111494,19.4142187141985,36.4807217440742,11.2351396692885
"134",270.625717295129,23.2842766959506,15.5082256368024,28.6976018932818,8.54289432973399
"135",192.517336612261,9.04112449528792,8.91457545474276,14.3251523970817,2.73881116264599
"136",211.905041595572,13.0859873610461,10.3205517039378,17.8929056827405,4.48228471636456
"137",253.298999398931,20.224212902815,13.8700402464997,25.3660055971878,7.34287833557165
"138",296.026410444023,27.2944111468049,17.5562557363761,32.9609851840517,10.1351604054872
"139",242.134186290015,18.6861754474888,12.8693811400263,23.5003073232116,6.76822540767059
"140",242.283031844018,18.6155696385886,13.1114175305038,23.7303312285604,6.68304433740607
"141",209.431296460409,12.5911213464971,9.96008881682338,17.2513572453422,4.30128984187423
"142",268.811110387073,23.3947867226607,15.243828000768,28.4659023908343,8.64810282977701
"143",268.800066444371,21.4277203779216,15.8877210867135,28.1932095386973,7.53332684284806
"144",298.087124599934,28.5938554480614,17.8755636898872,33.9576714222913,10.7283630806447
"145",269.759106454747,21.3404995359866,15.9128927124447,28.1767636440044,7.48652958426625
"146",315.915212749894,31.1992312156743,19.4414628815799,36.9832113997096,11.7123315175013
"147",280.019754874397,25.5208914451957,16.1317845089423,30.5078869149825,9.53100750868306
"148",241.857585754645,18.6909897796493,12.9476943188173,23.5906061817109,6.75136414275018
"149",251.238099491706,19.0029755748099,13.8659575166528,24.7524990113611,6.72831917233714
"150",254.779325085766,18.7691630148482,14.3439989287141,25.1616867450011,6.51884267095218
"151",281.677349055992,26.4042912689983,16.2358171407197,31.062468430078,9.95471603729748
"152",232.652230990046,15.494978832658,12.514785528775,21.5109641979794,5.24847515404429
"153",296.318338301678,25.881644903248,17.9086614378413,32.6396612528877,9.35913494148121
"154",252.383590421265,22.2908754363356,13.4280533194253,25.9137409852424,8.46170308900086
"155",270.622647737715,24.5557330962786,15.4358081159235,29.2582435641553,9.19229414820223
"156",239.936068158657,17.1305182463328,12.8670934621829,22.7183534527178,5.99346547255738
"157",225.940751473342,15.4185060719508,11.411406264224,20.2633072501532,5.42851287993606
"158",198.674753811313,12.068039287644,8.97465475613398,15.9036825542467,4.24435117586282
"159",259.976975749786,22.5879208839222,14.3913647555778,27.122999181969,8.41448313598177
"160",282.99653481654,23.3262110325132,16.9080384801286,30.2600628040327,8.28171024973681
"161",279.45204306974,24.2427106143451,16.0918927194288,29.8251548582704,8.9022269964544
"162",260.961014351612,22.9346290320505,14.3732956792977,27.2800800218882,8.59454520185097
"163",283.042575583645,24.267474013717,16.8340902100352,30.6509579965127,8.76974458219859
"164",237.405693429954,19.2637290280221,12.5153097295467,23.3982899666976,7.13735799641875
"165",290.17125480521,24.9626686568564,17.4394564225739,31.6639104870221,8.9927498597583
"166",261.839835486991,22.811686163813,14.5590474431217,27.4192749738934,8.49693682523868
"167",286.30747803872,25.518261502027,17.0459626080352,31.5105151701524,9.34967836637268
"168",246.355188711732,19.4299764024001,13.462865011797,24.521812172289,7.02462214167588
"169",243.302503760364,17.4725870728394,13.431545791603,23.5096476021688,6.05179363587754
"170",269.610787643849,23.2691220563568,15.4353252545159,28.6119853123962,8.54951113300752
"171",239.942528280249,17.495022441806,12.8422572853994,22.8727030491247,6.18095894290141
"172",206.383370275203,13.6103011794783,9.85859202281493,17.6506528967926,4.8297009496389
"173",231.690518930263,16.9970822595107,11.9268981289749,21.6204510791863,6.11107206118234
"174",315.540478519407,29.0026249814286,19.7927390739271,36.2755864149546,10.5415013042172
"175",289.546359944197,27.1584220374481,17.1840364187253,32.4823691683902,10.1399139353922
"176",285.261062685563,24.1171024756002,17.1388704475086,30.9114898700517,8.63107461657888
"177",272.068800594593,23.9602506393812,15.4642664901353,28.9903702430683,8.8886500594074
"178",223.419402431572,14.4565422523832,11.7069119936896,20.1048664168366,4.89166910469887
"179",260.965069576803,21.3482637766017,14.7524419603456,26.9016630397994,7.72263208268839
"180",232.460945664084,16.2754665047492,12.1821736815332,21.5396144438186,5.69896634742055
"181",294.091170136209,24.943669977574,17.861284072294,32.1190938110798,8.90081373167617
"182",187.031914469745,7.10580455065742,8.72602946502231,13.1556078363471,1.8029028066642
"183",269.835242111887,22.6144965323937,15.3628274519619,28.2098821366151,8.23253334362965
"184",306.575466240033,27.6976221620969,18.962540833523,34.7078883792798,10.0578759590495
"185",252.313507995069,19.3410796124098,14.267644339313,25.3637755967912,6.81849268329593
"186",266.565945429123,24.2500085326599,14.7389435024776,28.3420460898062,9.17547756753258
"187",243.961583639749,20.0955630400699,13.1631031345954,24.5281536233566,7.4149006388155
"188",322.108372796016,30.0942322876009,20.4231197963384,37.518309226597,10.9560681244329
"189",304.156611725997,27.3215469093429,18.9954367564421,34.556933010924,9.86186492261873
"190",270.563776587525,21.7117533381642,15.997490245826,28.4551470158798,7.65582469421804
"191",260.375748448957,20.8797769547256,14.8506663671461,26.774809494494,7.4726119445958
"192",269.469843178842,21.9933169509989,15.6011587274442,28.1576751274858,7.87788847989942
"193",281.809799061359,24.3991804278771,16.8641053563694,30.7511342899672,8.82582396925114
"194",288.599474402587,25.786884361538,17.2270313437399,31.8410817885376,9.45024120922277
"195",245.906649834073,21.6661528312948,12.9207195218318,25.0457755535719,8.25026275871585
"196",245.671136074037,18.3980448388494,13.5640624812227,24.1194446024729,6.48393854707539
"197",278.58042413687,23.4833105402821,16.435092547967,29.8191867725471,8.45780855149753
"198",291.930175017854,26.5963618224361,17.3991915515608,32.4351009470706,9.8178555330449
"199",260.604260327826,20.3013953848244,14.7933532655423,26.4223119153232,7.19265095613363
"200",293.945592127606,26.2619296609439,17.6870141425059,32.5858466921091,9.59273052909305
"201",301.170599648823,27.9748129085975,18.0227020852873,33.8120379853744,10.3817294060643
"202",263.729331478607,21.2879517943296,15.0383109258508,27.1861262235238,7.63498009510225
"203",204.868055756071,11.1977168322805,9.86141040461676,16.4458522353269,3.62870863397055
"204",279.051095973399,22.6998482418564,16.8996104439415,29.9409256603459,7.96737328124465
"205",211.848723702478,13.174551005083,10.2451061891876,17.8564115943119,4.53862387660379
"206",206.219414180708,13.2986278072091,9.72749272546637,17.3505781701839,4.70035470343867
"207",262.748043660479,21.5230464198123,14.8314010173588,27.0738661489378,7.79770841841657
"208",228.349015228959,18.3958288454821,11.3353998403908,21.6679096630106,6.93143269121726
"209",244.790096265583,16.0339240404664,13.5257498941887,22.8978263314157,5.30937018612305
"210",237.632914333927,18.5424008825952,12.405446194092,22.9188168470646,6.79045926734411
"211",266.48614664616,23.9882303043252,15.0252928736111,28.5229232474576,8.98882509936291
"212",276.757669356671,23.6208167618963,16.102763339077,29.516727539916,8.59760543431574
"213",260.754278759487,21.6065235337208,14.7529486694903,27.0291242928793,7.8572033033952
"214",299.719037151591,27.1555395533594,18.4795740194491,33.9067995739993,9.87890933851568
"215",267.721054886858,22.7071847734135,15.0971077164315,27.9612075078922,8.33012058802663
"216",189.933839457439,9.82482263634341,8.34521473207559,14.0920598277532,3.24224361958139
"217",266.975525455825,20.9570302733972,15.363478575029,27.379295800457,7.40581165868089
"218",246.515131758661,19.8507159806191,13.2176028447106,24.4665890767654,7.27690172331955
"219",256.585509235815,19.4693034348479,14.5466182186454,25.7371999260063,6.82157739349928
"220",328.162100658546,32.654341576786,20.6968573457565,39.0961170620954,12.1857197871075
"221",223.916525998732,15.3965259580138,11.5456373606825,20.4017932482927,5.38399528159816
"222",239.26930081821,18.1847976384487,12.6049091828968,22.9575438722046,6.57024612799617
"223",255.242142446627,20.5396801271273,14.2070683384086,25.8959306405808,7.43145740088781
"224",312.753643567809,28.0859662212805,19.3923428505573,35.3763066901099,10.1629114832475
"225",206.698383237508,12.263233463699,9.95136629019991,17.0786111067449,4.14013701707194
"226",227.777838009481,14.7363664145382,12.0780190768913,20.6538855116596,4.95523035319787
"227",232.483463579479,16.4399458443062,12.3235034183658,21.7748813406818,5.75207317401413
"228",235.795659390885,16.1461787211779,12.5083711257766,21.8315394810007,5.57428837197153
"229",247.098293534103,19.0408673892621,13.5282003262767,24.4032224130486,6.81262779311207
"230",320.659220292539,30.2581040628534,20.3507878825935,37.515360079509,11.0566195891625
"231",246.686860614717,18.177323569751,13.5656940301957,24.0113561372966,6.37492830610783
"232",304.545007414881,29.6807344211943,18.3247548214179,34.9966012347422,11.17523100162
"233",234.022578098031,17.4710077143396,12.4294074000753,22.4105390864329,6.24592453003704
"234",263.66781323253,23.8646334603637,14.6904227380138,28.0945346977327,8.99506803133147
"235",270.253143122055,23.6352626219279,15.270030881493,28.6154461659808,8.76074095910152
"236",225.712343831976,12.0422730427666,12.2428822822469,19.4876927540519,3.57249465629404
"237",284.942713656984,23.9108342136686,17.1398179847313,30.8062005483982,8.53059486160847
"238",260.48455590483,22.6116562295883,14.5372342364301,27.2994453919572,8.39749983959146
"239",266.392759469325,20.8427382646682,15.5896885872435,27.5670796558721,7.3075720752358
"240",280.296222131985,22.0690782161866,16.7424213711081,29.4536784223337,7.68588636263582
"241",283.503162735937,24.4686870632583,16.8944600904393,30.817231523061,8.85874606477764
"242",312.323319971527,31.783732862757,18.9181010712326,36.7028174835295,12.1044694856554
"243",224.751280871335,14.08296210145,11.8368232858285,20.0600358983768,4.67298925119466
"244",294.545857249762,26.7029115805667,17.7228774584664,32.8457245180276,9.80864448679208
"245",292.610729717721,25.9955910256139,17.7724657886918,32.5472538570149,9.44165568826357
"246",210.1438754965,13.0747666036804,10.3271771191567,17.8970310407915,4.47285497899267
"247",256.36276398488,21.5688368625831,14.1369487737947,26.3290896602972,7.96394156987377
"248",277.038653742425,22.2328430884244,16.426400629783,29.1853642742576,7.82943160756516
"249",271.305548024378,21.6106808439613,15.9382238728707,28.3381781667223,7.61804251436544
"250",234.992493611636,17.3190369312639,12.5371613931534,22.4517221228746,6.15321780890613
"251",272.26739098769,22.9806102799937,15.9292434796104,29.0091037310663,8.31124702845255
"252",271.414978408086,22.8487654407092,15.757916202165,28.7604729073872,8.26679220922518
"253",241.687428901719,18.6404903844576,12.8358550446787,23.4417516191593,6.75137336089773
"254",312.577509489007,28.3620999620718,19.6888044289103,35.8387834542604,10.242401265091
"255",217.170398899827,16.1402553947438,10.4827728282475,19.6026999075277,5.96836877938795
"256",193.382110490414,8.72478443476617,9.0804664575096,14.3505838742899,2.54693372192612
"257",226.204500417091,14.7919789196433,11.7482417038238,20.3193751223713,5.0450574576667
"258",269.797200236572,21.2211377942109,15.8042584344465,27.9965455170709,7.44794688556474
"259",284.679831412734,24.4310009868363,16.8419452957718,30.741323537215,8.84729069842097
"260",284.205877820757,25.6232063157875,16.7233855725553,31.2064132622259,9.46784488702431
"261",219.582003302301,14.4743440206715,11.0030832509976,19.3402183674002,5.03542670422921
"262",230.991808865262,17.1453722619425,11.9417944859518,21.7090189115835,6.18311117355447
"263",328.56293667493,32.8842070668027,20.6368696445709,39.1445996798328,12.3138193214782
"264",208.374346152718,13.0533617645598,10.0973051911892,17.6334353550687,4.50378498034798
"265",291.729890797438,24.2039954803009,17.9688872851691,31.8654162699227,8.51057802343437
"266",286.8966565954,24.3696698175908,17.5133329698658,31.4504286607451,8.68360923297345
"267",247.87851973892,19.7236564013136,13.5059642370559,24.7177142847599,7.1612000637961
"268",271.615335575866,21.9786164154074,15.9259139500664,28.5082764982009,7.80422546298251
"269",297.205008451158,25.5777155792713,18.2201749610017,32.8325352357291,9.14247518251755
"270",247.848273048493,20.4412979086832,13.4853523836028,25.0539986183158,7.5255913688282
"271",277.377695473667,22.1516041600114,16.5496650749329,29.277188352679,7.77058543385053
"272",235.289135046184,16.1922495736295,12.6255561366382,21.9812649918746,5.57328875604923
"273",255.788867507883,20.6074766780009,14.2034725954595,25.9260705696777,7.46382460443452
"274",203.198461518086,12.6188333112897,9.68570656223307,16.9625773600508,4.37237641061297
"275",280.374605454551,22.8563551861483,16.9082996899832,30.0280636671365,8.04578763186905
"276",264.284750677322,22.4116448443366,14.9554691435427,27.6555979923008,8.21463942112272
"277",271.387213520512,21.3371380133983,15.957842874725,28.2195051071494,7.47874028253334
"278",211.272540986305,11.650874540074,10.7253461112447,17.621066902329,3.68460688758757
"279",255.641003807913,20.3255012053748,14.2784997584833,25.8690694449181,7.30506189405904
"280",196.677451396837,10.3728967748131,9.07225640874398,15.1695548135122,3.3665871815097
"281",207.053825135945,13.9403841107476,9.5922748914724,17.521776992164,5.05111441825213
"282",241.371847526693,17.5753629042802,13.2020531508299,23.3111229874887,6.14489686027313
"283",236.465002840346,20.5002637512928,11.8281269623957,23.2652959362027,7.88135856477707
"284",242.769492199369,20.2791261066233,13.0392716416178,24.4820630272134,7.53380805090299
"285",294.393054240792,24.8546134516414,18.058573697205,32.2936764144293,8.80972460646035
"286",210.149516388204,12.5019194197301,10.2295945055326,17.5037595532915,4.20607719465233
"287",245.752352932578,17.1078008512234,13.5337265609683,23.4411896597863,5.8474052977829
"288",224.435477489199,15.9234596961159,11.4187309435402,20.5192182020548,5.68083332806607
"289",292.560623472742,26.3282114699154,17.7822059812687,32.7264240953005,9.60528111897762
"290",262.078764742141,20.305487553704,15.0071151511748,26.6613104246532,7.15203789823586
"291",275.203356819201,23.6348433755074,15.8878589927627,29.2939192104551,8.64121943884371
"292",312.393528246195,28.6097435114681,19.396382830632,35.6434247889706,10.4264710658404
"293",186.608757012691,6.84141187489408,8.26079602360641,12.5055589186674,1.76903389077592
"294",296.896752501889,26.6349648072606,17.8637938597508,32.9638024900432,9.74894937258404
"295",259.988619337647,19.6464866789169,14.9021170181315,26.2165413576022,6.84197050815969
"296",194.23731525989,12.0085352166784,8.46472075740357,15.314536733285,4.30945880308141
"297",220.701570285033,14.2832282679173,11.2178909902886,19.4802010348904,4.89599484294412
"298",224.900912949352,15.5452293961584,11.7114441577896,20.6576691032235,5.4280558651131
"299",244.324184462734,17.7422440526692,13.2632290801342,23.4599624517874,6.22117792715227
"300",292.056998522968,27.3183206767225,17.2682839432524,32.6520995879002,10.212788015207
"301",233.663696303416,15.327538360045,12.7049347603194,21.6414176212514,5.12155401301527
"302",244.999043699618,18.8239883760944,13.2498082672316,23.9868963783399,6.76446928340317
"303",285.152600954854,25.8541436513888,17.0204845337185,31.651718078772,9.5226887901899
"304",285.839028523475,26.1051492115155,16.7496806384166,31.4758625608414,9.70424737956594
"305",302.958634143361,29.0073640290565,18.33174309842,34.6678551274344,10.8377973291107
"306",282.186816864247,24.4571217460463,16.5291513309666,30.4134026468051,8.92036013454931
"307",296.534282920402,27.2981622949728,17.863588356037,33.2972305399864,10.0782250520802
"308",249.562423450733,20.6467003094257,13.519409631131,25.1949380473456,7.61849736492375
"309",245.655261777091,16.0377962197599,13.7666495478682,23.1616057920504,5.26720389828276
"310",291.788668453679,26.7696026259731,17.3952154379314,32.5207257177391,9.90997870959238
"311",245.561373684804,19.7085143337987,13.2208639308887,24.3971440618499,7.20979472253822
"312",224.0514139795,17.2915430414191,11.1145967862653,20.8715936825665,6.42342558097401
"313",260.930366072243,20.2766908608991,15.1467112382024,26.7981458319886,7.10788805479122
"314",263.202415018003,21.6262828939944,14.8331930783232,27.1275014603657,7.84894246008113
"315",210.539822342671,11.2135596655382,10.6901196450058,17.3669468224503,3.46527683171061
"316",186.214937632834,10.9585293424671,7.8690701385853,14.1327382137545,3.90775071231875
"317",306.776869188464,29.0813242475433,18.9105404422652,35.3396104106871,10.7604124429023
"318",262.463661669333,19.0052319716983,15.3213144232744,26.3547057553877,6.43279624551585
"319",266.99090777643,20.359740254339,15.4856571139853,27.2155794601813,7.08170105164443
"320",274.206417357974,22.7316788510941,15.972279993364,28.9385869858242,8.16865841155625
"321",293.553466880683,25.9508638157229,17.661740147958,32.4051826926334,9.44230738426375
"322",286.663874761929,25.8721420858934,16.9912884220915,31.625500203729,9.54086586312966
"323",223.317173336293,13.2737686676989,11.7333869326785,19.5426500105536,4.2925795859676
"324",201.37327722743,11.4943982808812,9.33274161904714,16.0145055627437,3.87969363854188
"325",260.554712221443,22.05922810706,14.5101944655426,26.9929760671933,8.1274552966328
"326",208.828541599918,12.2735199767135,10.0510684455543,17.1931837612545,4.12806722621213
"327",194.875873579243,9.47014945475629,8.92018287907925,14.5478480770391,2.95227790907472
"328",218.922129788722,11.5825436837202,11.2782615920956,18.1953435620525,3.53626596575121
"329",217.610234151362,14.2402010983403,10.9362564792228,19.1531649717862,4.92952535872883
"330",295.458190423378,26.2676445305671,17.754725821497,32.6645691934045,9.58148957116367
"331",217.435694528309,13.4575106468633,11.0906278308268,18.9265935863599,4.5126590675855
"332",224.981089786142,13.2133866076928,11.904496805112,19.702977083285,4.2267804554153
"333",276.430035077201,22.5412033865489,16.0606055420039,28.9382050529003,8.05701138144016
"334",272.718215517102,24.2339271466659,15.6369512906557,29.3153770293609,8.99264485568665
"335",240.424845301096,15.7280883781618,13.3510324789338,22.5495989766568,5.19236755072947
"336",246.038301162131,16.8425832261659,13.5909803669897,23.3708901728574,5.70535708769568
"337",272.348849419899,24.4533094716384,15.5351666440388,29.3151225980981,9.12281359330541
"338",276.24563601357,25.0002720458473,15.6719025408402,29.7391169380644,9.36555351870572
"339",316.952261551402,28.6936143302189,20.1533841727112,36.5178353670779,10.3130948757355
"340",221.482681795568,13.203480343872,11.3792199800558,19.1180318158409,4.32945357851535
"341",232.750158667519,16.4758413635027,12.2618853683228,21.7291810664974,5.78319620388606
"342",267.844288928534,24.5087611298165,14.9123105672182,28.655412569222,9.27775900387723
"343",243.232748684556,19.3964393560639,13.0050839800882,24.0055451572309,7.0938049587825
"344",280.886209581451,24.3681072718273,16.554875374663,30.3930047929034,8.87555719544648
"345",250.913399484918,19.4286109008994,13.9197507130971,25.0324310326439,6.92636429173172
"346",265.455559421893,22.1735610352915,15.1165584748845,27.714156611175,8.0628441880794
"347",255.424626327055,20.2408895975258,14.5096944005729,26.0816214917577,7.21327638185495
"348",296.616682872764,25.9232716354225,18.096817857591,32.8695028014923,9.34344978470707
"349",273.682102415107,22.6182957615029,16.0449701636247,28.9610628944341,8.09868520932713
"350",303.094850204202,30.2631530813781,17.736692318782,34.6447330212134,11.5812445410465
"351",269.063847869437,20.5424444759832,15.6490520374575,27.4843194304859,7.14372220332407
"352",301.086193875119,29.4976035837674,18.1448423420397,34.7096385627367,11.1200716615018
"353",334.375725409405,32.6479523097604,21.469440897815,39.941270341174,12.02569201224
"354",203.49936774776,13.9891781953488,9.38430254217886,17.3165164609552,5.11858181764181
"355",255.000265759942,21.6546338639795,14.279408465479,26.5369532072208,7.96705585177567
"356",261.524014531981,22.3565051010801,14.6340226372032,27.278096105174,8.24768996643149
"357",258.378007536861,20.9026486889617,14.7030954032627,26.6258244709746,7.51429240595046
"358",265.189286045881,21.126609958884,15.1812648938357,27.26363306771,7.52695578918465
"359",309.719030787848,29.1984179692308,19.1221917317436,35.6307549122895,10.7758541091713
"360",242.068657585725,17.6903348969329,13.2163440190278,23.3824185192355,6.20082291798984
"361",250.99918406631,20.2909588724106,13.7892694595303,25.313001142495,7.38597089371948
"362",317.512972580091,29.0508261592512,19.9334662099184,36.4528447250193,10.5374106822256
"363",311.7867832247,28.6065234847495,19.2850828251003,35.5148336452668,10.4487675495057
"364",297.02604379358,27.4819224885051,17.7590638040802,33.2744667554495,10.1920197313697
"365",268.936597407338,22.1117527429947,15.7148150421194,28.3404236081553,7.91273518306331
"366",340.221147515695,33.1523099755718,21.8257700934893,40.5841327943201,12.2133593795612
"367",276.023617300313,22.9646404408186,16.1096983309908,29.2008921057691,8.26085009884234
"368",261.880587709099,22.4038286143182,14.6442227358928,27.3095805658004,8.27400152275146
"369",270.047832258157,20.7848420126456,16.0481670552267,28.0470735832818,7.18178547856934
"370",231.118930603064,15.206711883512,12.3879735848794,21.2258363130826,5.13421317690417
"371",280.96419178462,23.1229770795246,16.7738991759725,30.0114531704236,8.20924649751804
"372",272.59297068433,21.3304066418968,16.2424144352557,28.5308920302453,7.41517530753114
"373",254.141794058379,20.0724570979769,13.7729508339229,25.1897747319744,7.27854358332693
"374",298.056395257215,26.9052488141093,17.98290397721,33.2287540104037,9.86431895067117
"375",255.207231715704,23.0010360134244,13.9745806147088,26.8710873096314,8.70830522363784
"376",296.970789815473,24.7952652258694,18.3470575194693,32.5781957420798,8.72852082726145
"377",282.597144667526,24.2734465110775,16.6928006441836,30.4967477934467,8.80019026441103
"378",242.664071240522,16.5443402844046,13.1740824260921,22.7607672557887,5.64091770686561
"379",349.18157846026,35.8981481990396,22.5924485444429,42.8012398279148,13.4302422766913
"380",302.122289594599,25.7175764996773,18.6630456031152,33.3854537615346,9.12767428341444
"381",233.21335492854,17.6208713656677,12.1448456494247,22.1693911401518,6.38129198814221
"382",292.588107107178,26.8492774988317,17.4205669644738,32.5839124698636,9.94189674799296
"383",258.753274397047,23.0359397504908,14.173063436859,27.1076392308462,8.68832842990839
"384",253.08014570312,17.3672326918858,14.4645201201126,24.5973180643613,5.78430387335554
"385",315.080689643823,28.5523416156835,19.7501215704315,36.0006462462014,10.3278598218483
"386",241.305578589879,18.8105544937823,12.7324292604251,23.4075688890496,6.86208636052953
"387",290.626237871721,24.7348445452836,17.5567764038362,31.6803843355416,8.85134614924503
"388",248.632534056154,18.884972617442,13.6788666716977,24.4869024930214,6.70685025838122
"389",278.681471774645,21.9318341294897,16.6198033500743,29.2487123627902,7.64028302414754
"390",268.013382644064,20.8165001757997,15.6030389462763,27.572878541287,7.28821032351175
"391",253.950787585452,19.2908979655894,14.3166308253618,25.3909410885101,6.7860161892078
"392",270.441437169765,22.4348355602571,15.6686861241909,28.4532230723306,8.08134743734163
"393",285.561939791664,24.9206820023406,16.946605865836,31.0995340772858,9.07637603785731
"394",295.266593849917,27.5926136240105,17.6738557755792,33.2370324886071,10.2612804364578
"395",278.291043682977,24.7610500537064,16.1096278616302,30.0985296244057,9.16206987326139
"396",255.231391181635,19.2244713504956,14.3850897807155,25.4366753189358,6.73346793592845
"397",274.480578521148,24.2319481938368,15.7710478905387,29.4656799659355,8.95920452822024
"398",184.487154856059,10.9314112499583,7.4796907715844,13.6914249036502,3.97283750801962
"399",259.019325070933,22.9065219113331,14.2468055700118,27.1258757674763,8.60722118381017
"400",213.695938843372,16.5518958572678,9.81986778835846,19.0759358808513,6.31376926299767
"401",236.812327426453,17.1715021112038,12.5857794237846,22.4293198157938,6.06827301887218
"402",193.628734903508,11.7452453872628,8.66762938975856,15.4086939500199,4.13592779657283
"403",339.659211851261,32.2920231900337,22.0260296912235,40.3740101526748,11.7412457729129
"404",243.767861705872,16.6894950382929,13.4820666670653,23.1740221798515,5.64580846302426
"405",216.179502996698,14.1777549870025,10.8518890913343,19.0288747509199,4.9137478913944
"406",279.894423853063,24.1112847778506,16.462062250839,30.1617656385487,8.76739476586916
"407",209.831134633116,13.4176241613114,10.1157558744279,17.8343331200918,4.68753061260646
"408",189.172896394754,12.3847130336663,7.92897928282644,14.9167297177945,4.60270701848382
"409",245.098920006902,19.0962375415273,13.3026419772546,24.1791222626773,6.88872422839169
"410",262.709657854153,21.4448690305674,14.967392030517,27.1870168374968,7.73165518992406
"411",245.173797137239,19.0466408976716,13.511578103287,24.3828649796784,6.82059072489373
"412",267.267150882305,24.4447846204804,14.9888441656835,28.7072825234906,9.22464934003671
"413",251.859716278396,20.7308948558192,13.6573463405529,25.3878020959479,7.63545942443538
"414",228.265104377767,15.71296225115,12.0093192962098,21.0688714153993,5.44973621176563
"415",247.889874884365,17.7642043577744,13.8219149571881,24.0889990292876,6.11560299950496
"416",285.429288024368,27.3985102729859,16.2872016486184,31.6139608221652,10.4460596470464
"417",236.56356126699,16.6140798038494,12.5495113016854,22.1115590403729,5.80139446579035
"418",238.059659761429,14.2372512687251,13.1677817732742,21.6014131037977,4.49111425647786
"419",319.045607631045,29.490088935625,20.2491085748849,37.0177518940379,10.6976490310201
"420",214.797046552922,12.993259031101,10.7146984845879,18.2853361056597,4.34992280123612
"421",217.464455429631,14.8190323485382,10.8751811706481,19.3736658362595,5.23149340094147
"422",270.994508076702,21.4744301039933,15.9786379919294,28.3106370392134,7.54298210253887
"423",259.909373568049,21.3619841719151,14.8076238496786,26.9714166196269,7.71948791261794
"424",237.08509132996,18.5344208131552,12.5675363510024,23.0918339684269,6.75220151336958
"425",234.722905733078,16.2603608742036,12.5857259696348,21.9752863936144,5.61508879818568
"426",266.844040929708,21.5997046048281,15.3783147461602,27.7174704447982,7.71998698137864
"427",289.426276108957,27.9482696849445,16.9965194431946,32.6717335923944,10.5753654165624
"428",169.555377543905,8.10119858808226,6.35719334823091,11.0453354274312,2.77581712836941
"429",230.014756173751,16.0056304661809,12.0695705121255,21.2747166441381,5.59158811362738
"430",260.608768783471,21.8204833796727,14.5263939811817,26.8894208176289,8.00651661893267
"431",249.003320500085,19.2722269516482,13.5733816437112,24.5691849590114,6.92030716277316
"432",344.959373772177,35.9039783483666,22.0997665042681,42.262320479824,13.5318762182947
"433",285.042122025336,23.8642458765588,16.9658607212566,30.5890485787156,8.54540734860854
"434",261.895970145213,22.436199649607,14.663928142379,27.3495491251649,8.28408724063772
"435",228.494360014208,17.0743201158411,11.6330050667112,21.330624205809,6.21382580917349
"436",281.639530085825,26.4822828295591,16.291604412701,31.1606508226668,9.98628802596804
"437",225.506846349955,14.2004080553315,11.801654379751,20.0871175081054,4.73303952878116
"438",300.874261092286,26.8552477874813,18.297485263564,33.555136899608,9.76794232167578
"439",288.563688349337,22.737375211143,17.5261188305855,30.6492366672245,7.86036657109827
"440",364.678649593831,36.7724713787815,24.1483128029136,44.946551033458,13.5564093611625
"441",288.273088717626,26.6788305651528,16.9319058513192,31.9671933576549,9.95177489930606
"442",221.38514768196,15.8950527781068,10.8285432124784,19.8584245852645,5.78465485849411
"443",316.05569041354,28.451059468818,19.9495738794385,36.1673892039793,10.2382478748629
"444",304.335136147573,26.6199406964342,18.9583919115898,34.1689213601945,9.51284052177638
"445",257.917864024021,21.1240880723057,14.4882729256329,26.4986540666105,7.66362558036953
"446",256.368020264416,18.9966296350475,14.48705282078,25.4330583583381,6.60072131181687
"447",236.610413588976,18.0794394830639,12.2723233893916,22.5388021315152,6.58333158394346
"448",331.258504352763,31.8978652794186,20.9936499239124,39.0394170074903,11.7541041811173
"449",244.597106435457,19.0498102251298,13.3394710073404,24.1942785438928,6.86113903845077
"450",312.72566156136,27.7614809972603,19.6213751145466,35.4652006425779,9.95454355184614
"451",267.735444586206,21.648013491236,15.3691938864692,27.7291020437093,7.74603045548626
"452",285.560218308899,24.4775048704854,17.0416927424488,30.9833362816845,8.8322009045915
"453",261.936261224673,21.3552768239888,14.8856987584165,27.0530117638109,7.70108494343781
"454",366.132121114809,35.8137057468475,24.4740906815897,44.8279782073571,13.0132540622349
"455",251.228902970605,20.0263113189001,13.8072560618087,25.2063492794645,7.24624437930704
"456",268.232470543757,22.9033839499962,15.2731296449264,28.2504028216667,8.40224724599683
"457",276.170791838308,23.0000615141345,16.3482016101748,29.4825868757708,8.22929767226395
"458",307.280715926679,28.8503236298117,18.8545452982592,35.1672113526163,10.6529201227132
"459",300.764729257114,27.9065768326472,17.9477508525885,33.6955143334495,10.3619810140433
"460",258.416119314011,20.8150539230345,14.7028567212897,26.5794234158576,7.46355368124822
"461",242.355037321665,17.4563185238253,13.0738944948271,23.1071618755551,6.11441203696812
"462",271.927887525945,22.5742592215071,15.6774687989137,28.5295106565536,8.15766912530179
"463",225.907166087779,15.8917458632054,11.534673491996,20.6335382081536,5.63868666506954
"464",269.557257127296,23.6358101974628,15.3236875344745,28.6743171198406,8.75202081499785
"465",247.782804901831,18.8438934986975,13.746677619525,24.5436266597848,6.67014924051125
"466",241.783233056235,18.59515942586,13.0923681680476,23.6983883712103,6.67942841592143
"467",239.657549566521,16.7574845350253,12.9879864926611,22.667557367172,5.77841913447188
"468",201.6478430312,10.4081581870092,9.73373752336128,15.9123272810294,3.25703412735082
"469",216.576742513893,13.2679067750685,10.7916354204275,18.50178764092,4.48129807437771
"470",243.468857416453,17.1026616895232,13.4950292370032,23.4014852163156,5.84735907721412
"471",265.157628462628,22.9197833228271,15.2378733498387,28.2237384671608,8.40890827410963
"472",238.246951009638,15.3894351413983,13.1076842527949,22.1131515149032,5.07569315481211
"473",199.347528851008,11.7148540555322,9.26844384708545,16.0552471384732,4.00055532214606
"474",277.445617972952,23.8572879137694,16.0204544003755,29.5508199478918,8.72270232991124
"475",334.50862723023,31.5772519115594,21.4485340273559,39.3822921915168,11.4960894585694
"476",274.27305899111,24.1616538584037,15.7274700265266,29.3832248772657,8.93403739535345
"477",240.009959505346,17.4788298921153,13.1236723307171,23.1760558613685,6.11656223674092
"478",253.127824693465,17.9101054748623,14.4148136293243,24.8138311716792,6.07109607939361
"479",216.668983280648,14.1755234730124,11.000276916881,19.1886783269531,4.88925164434135
"480",184.561072730663,10.1344191193722,7.69194219293648,13.5239330183583,3.53551553912019
"481",310.039737113954,28.4196057749536,19.0543222593806,35.1687537066675,10.3989712503012
"482",279.966187057863,22.7064159390451,16.781844286413,29.8125861512547,7.99830624250824
"483",246.309879291391,18.3348035309381,13.5006622813028,24.0166285274627,6.46865640119527
"484",232.849464335635,16.316952759133,12.5140278557089,21.9234374531073,5.65788313645974
"485",291.022957373227,28.0629384178271,16.9863343912112,32.7184007049802,10.6310330062019
"486",282.274985048066,24.9369383611829,16.6897895660799,30.8230019420108,9.13768371045539
"487",242.841294491681,18.3711182844305,12.894020430741,23.3692012158422,6.60784880408206
"488",242.447449915565,16.0190772029132,13.4963273197217,22.8549058509031,5.31323103762792
"489",292.151559945046,28.2921015546296,17.1710515792749,33.0347409312721,10.712309162887
"490",246.784656933927,17.3244742165453,13.8273978675793,23.8706742614439,5.89785791351058
"491",281.70576291323,24.1903325184278,16.5970562328485,30.3491795371416,8.78127840753329
"492",295.822198579881,26.5266495961738,17.91811821291,32.9732603174283,9.6805116101189
"493",355.995032073511,34.2361554686062,23.6562949543415,43.1380157436331,12.3866577429716
"494",259.404951249294,21.2720976552721,14.5264144909093,26.6146371098592,7.73176274343044
"495",274.231319977369,22.2742740663422,16.028234122439,28.773366266665,7.92566999592754
"496",233.3887292468,19.0790756334084,11.8952723935851,22.6213942138504,7.15917175740091
"497",253.868136199621,21.3601498029336,14.1983646670966,26.295227236106,7.84311483739106
"498",289.862371363859,27.3616886702407,17.1581398801972,32.5540981543644,10.2498991026417
"499",264.870607507145,21.6324778207708,15.0345501223163,27.3533884377282,7.80736192042883
"500",292.713047396497,25.0376851985301,17.9193761634998,32.2316680322321,8.9367592179663
"501",329.785894979796,29.5713347428009,21.2731148057266,38.1895656612078,10.5265459196677
"502",235.709018968381,15.6120432844258,12.6752817910938,21.7491067406243,5.2746647567137
"503",283.881999309003,23.0940218363437,17.1603927498961,30.4223528630484,8.11578639926019
"504",235.401541310041,17.5345555793082,12.5003149913891,22.5182649886664,6.26527570448552
"505",243.404927130517,17.1548173390512,13.351227330196,23.2628570996518,5.91084286607346
"506",265.009383829916,20.9171826649642,15.2502507381073,27.2333058307494,7.40702778786785
"507",252.288700722587,17.6317265966786,14.399074852633,24.6554425040135,5.93760586111967
"508",271.770616526391,22.3984208642446,15.8470606470557,28.6330343211682,8.0271652559302
"509",255.401880513245,17.8834052791115,14.6247304562228,25.0295469103226,6.01456398343637
"510",287.865227585415,26.0077647556206,16.9565300136906,31.6563868447055,9.61768469552739
"511",196.809710364759,12.8041990545002,8.62814841243653,15.8929964430545,4.67526509367631
"512",270.104805862526,23.8887968039022,15.4780596324158,28.9693275386836,8.85200032762909
"513",293.247086338353,27.2383899914412,17.6629833009716,33.0496722256457,10.0868413177321
"514",319.505876650468,30.3170472571184,19.9468983437356,37.0978007614145,11.1712658372779
"515",235.231551689,16.162838927077,12.7706265559031,22.1299120006833,5.52574185063302
"516",253.310040855329,19.4360294959464,14.2480216901937,25.392973400502,6.86687927332946
"517",210.241460938722,12.1642288361834,10.3819047992854,17.502825266339,4.00650668386493
"518",298.60026281336,26.0589580087384,18.3179851646421,33.1741864434617,9.36871859705595
"519",267.275664206844,21.2878045302237,15.3866812524758,27.5653574918309,7.57328573732862
"520",229.750817099496,16.3322054996057,11.9373202822068,21.294308581674,5.78412701406611
"521",288.514338807005,23.8178668424088,17.4881842607949,31.1458759320662,8.41456550239275
"522",231.747627297323,15.7453703861884,12.41857608686,21.5334127283881,5.38798683504732
"523",255.964314189301,21.4908173012305,14.2405480844015,26.4096229520917,7.89347532033905
"524",254.759532249084,19.0676622029916,14.6430852013586,25.6451563126139,6.59899299240464
"525",220.855959818877,15.9595154362537,10.9900367835531,20.0666464598609,5.7844046541052
"526",269.038230498385,23.2002345696404,15.3168630966604,28.4498076213058,8.53548357724937
"527",266.946094451599,20.808685690312,15.808709358489,27.7926171037671,7.24494179166674
"528",241.456324377311,18.2485570629232,13.0513422575888,23.4840807641179,6.50934561769398
"529",206.67476941924,12.5556911161885,10.030919591952,17.3143313170058,4.26660316211886
"530",211.478415813166,14.6077370872495,9.81533190178516,18.1025239130749,5.34135828007673
"531",352.284671628056,32.5849123776883,23.4651988124966,42.1017225004455,11.6000923925932
"532",214.462413834119,12.6367898471892,10.8435735347887,18.2467528055692,4.14878138268497
"533",223.440790628977,17.1878820305999,11.2017903089354,20.9161184592052,6.35008871812154
"534",280.220010245407,23.4311351378943,16.3969258868318,29.753387410159,8.43604718308628
"535",240.388040668777,19.1959939450023,12.6134649433351,23.4761347517463,7.0733910512132
"536",224.662632915273,17.8727556346159,11.1382395327791,21.18750597753,6.71072258647067
"537",225.02938339049,15.6706530068968,11.3509780260916,20.3204577570065,5.56752603970318
"538",216.788564494126,12.2638590231799,10.7477310368388,17.9522145237792,3.98383532145882
"539",254.098527722111,17.9703328292775,14.4707412292709,24.9013673216247,6.09169672758027
"540",243.069697622329,16.9164435761847,13.4032915677525,23.2013898290881,5.77481011180973
"541",323.948588067198,30.8236045403802,20.5213334671167,37.98852465347,11.3033403716086
"542",284.996324585388,25.7117511107104,16.9417142276956,31.4942230184284,9.46610587738512
"543",269.758223223073,22.0476373965199,15.7043096780903,28.2965635233067,7.88532178797642
"544",299.976237709771,27.2233478894763,18.1913881697739,33.621048752125,9.97202120397215
"545",329.690808334546,31.4696906092478,21.079026340129,38.9219372738817,11.5193945573113
"546",292.421396476539,25.3901975390264,17.865609611264,32.3482829133352,9.11687276447627
"547",293.900243195741,26.5945146390253,17.5962211721444,32.6533030295218,9.78016181374083
"548",198.42570989696,12.7914431245753,8.8918267002042,16.1764586033665,4.61632794476956
"549",283.277918244662,23.5768724406559,16.9446890797134,30.426190631328,8.40024026660401
"550",266.229864968118,20.8976957890142,15.3366159257969,27.3173224506724,7.38277775045277
"551",263.976552988456,22.8514397003211,14.7525777592033,27.6518602714746,8.47853964105554
"552",324.105822483752,32.6883297533072,20.0595950203017,38.4118362275785,12.3275786372882
"553",273.481581805078,24.1547811239075,15.6866828991372,29.3351263418923,8.93791409959854
"554",264.940020304768,20.7242687793767,15.0709936098528,26.9379557112251,7.35194101069328
"555",307.705691359317,25.250351387072,19.6149559294322,34.1999140344705,8.70538171326403
"556",212.801088008038,12.4819197622953,10.7452508656303,18.0585008494858,4.09478754445885
"557",228.864102578721,13.5259418395767,12.3656946291854,20.3670551661685,4.28629769413228
"558",248.651256120267,19.5440922483603,13.3990424475295,24.5132947686961,7.09444158592119
"559",264.703691497111,21.5393620269859,15.2617640031326,27.5576761081175,7.71325737944163
"560",267.627939692612,20.8181962316435,15.5909000855879,27.560799867795,7.29054347321678
"561",229.954753926522,17.7872896786253,11.744634396296,21.8153543110639,6.54426560828545
"562",267.632268185012,22.0821958228545,15.4171851126454,27.9996056678739,7.9609492476867
"563",240.153027572052,19.2614202433497,12.6522058585256,23.5492078736483,7.09765869520843
"564",226.587872405185,16.9634374017329,11.5339554038113,21.17087201532,6.17214571979963
"565",255.419703123367,21.2998635165445,14.0673255782072,26.1262670005414,7.83298115150045
"566",284.533083958102,23.4291291420085,17.1535392955625,30.5814618267801,8.29073837392663
"567",258.225924145134,21.8233644694313,14.415368249608,26.7689779042543,8.02694232946548
"568",287.015029843651,25.7862310148073,17.0886594200223,31.6877987224461,9.47541000593373
"569",216.649420102304,14.2729125468409,10.8759679422452,19.1008898636602,4.95773095513229
"570",255.675329204187,22.021592818387,14.1102342810354,26.5311244066162,8.18996407762178
"571",272.846884075423,23.3010295992194,15.703460683818,28.9281692913325,8.50532449182211
"572",269.015259104406,23.1589510435245,15.2637724773574,28.3716092919504,8.52322838685564
"573",307.310936194841,28.6399856947029,18.9273926957753,35.1395953076983,10.5357940357109
"574",152.672162574672,1.25093835913579,5.67018475518059,6.86461759218813,-0.510171088951312
"575",285.885573455846,25.3827121389089,16.7900440169887,31.1593402919008,9.33040044593623
"576",239.502388194527,17.1552031836593,12.9508265647469,22.8205869760105,5.99383037349503
"577",260.28133339032,22.7389861871788,14.5572739416095,27.3814223865997,8.45843020643777
"578",273.516750020799,23.7795748283119,15.9117704573096,29.3915498922038,8.70752823680393
"579",215.55992322814,14.8407969295628,10.5602516856664,19.0386126673354,5.30466127044365
"580",332.820938224571,30.4441227875485,21.6531206932243,39.0436604071544,10.8869787559338
"581",258.111198846682,19.0508832397246,14.6998770155163,25.6933503709012,6.58930820790082
"582",286.949530665671,24.4164361247117,17.082627548755,31.002186129017,8.78532495879663
"583",257.597307416059,20.152573179114,14.6549763998683,26.1974018256758,7.14221496625613
"584",296.935688887552,26.7536436939653,17.970958982802,33.1451906332841,9.78377967357456
"585",223.358875571788,16.4089916850277,11.3427061709526,20.682470805614,5.93498818662615
"586",278.308577655792,22.4947836099167,16.5049973671947,29.4018958033448,7.94726009588435
"587",331.626364508644,31.3504766988759,21.4065363585643,39.2238636641965,11.3945319958528
"588",240.928915770641,16.7294580952997,13.1208546328391,22.7982043570189,5.74028924481654
"589",233.236545268079,18.5580837318619,12.0014461142659,22.4839073580899,6.87836159306775
"590",288.385055373837,26.2370711232713,17.0829565297365,31.9083799995569,9.70388605948129
"591",221.539668442934,15.1812115578973,11.2606750729397,19.9797788351002,5.33622751034485
"592",325.586414269984,29.8887943106414,20.7177661911737,37.7329915422453,10.8064007133614
"593",277.371726239682,23.521914143687,16.5309797557774,29.9415249432155,8.45662788628489
"594",252.402711994683,19.6833046995425,14.1779738515612,25.436758871365,7.0047881164635
"595",251.85599911008,19.2738215984156,13.8084716815786,24.8260752803129,6.87556848948468
"596",237.210717446947,17.3403714456266,12.6750494735711,22.6134593212985,6.13533407658124
"597",237.165136873148,17.1056050109193,12.623463776562,22.4380686403545,6.0300724299596
"598",330.476011111986,33.8490345153044,20.6353530353563,39.6200214340472,12.8031618839418
"599",268.724106643688,20.7298792861609,15.675220034798,27.6126553785711,7.22813704746434
"600",277.637755085749,23.7309700324496,16.4328054757193,29.9441058013993,8.57655772035831
"601",296.326509838024,27.3462487602783,17.6985047345722,33.1405383443068,10.1370054049898
"602",292.441037514606,25.6498124042805,17.4486915422064,32.0174240242627,9.33509132268323
"603",282.497110060029,23.7045197445616,16.9513520492843,30.4955056877822,8.4629913051822
"604",252.69712648092,19.8836258183852,14.1303234891261,25.4857792559791,7.1144569472007
"605",180.831278294239,11.5866438934885,6.94286671107597,13.4315981585083,4.40280882427877
"606",309.083139897003,29.4186922263638,18.8864805117566,35.4845886392178,10.9331097481365
"607",326.905464010677,30.6132071473608,20.7788558166338,38.1628681487347,11.1505798078392
"608",245.030494964952,19.7453527515186,13.016232772524,24.1922167771297,7.26396826201246
"609",246.169343399829,21.0534007216771,12.9729891256489,24.7930324704972,7.93504671967975
"610",272.467655662708,23.6268217113266,15.7219466952908,29.1089088124094,8.6664034820327
"611",281.15160473453,24.9343686340828,16.4413683220547,30.55292558429,9.17899306155056
"612",219.827789192464,14.6970359093871,11.0213647492807,19.4705777832785,5.14573863357655
"613",296.948909487618,26.6590884858594,18.1484315331315,33.2936040078543,9.70291196949728
"614",257.68871770631,20.9775124026435,14.4042456365461,26.3344010935198,7.6052725504489
"615",272.159518655972,24.5744456675583,15.3782322575189,29.2050662162493,9.21007035532557
"616",255.956305848677,20.4247767625378,14.3570830085526,26.0028614500153,7.34629517649284
"617",215.491272265085,15.7408633661467,10.4529746621975,19.3658597725152,5.78459249922536
"618",206.429183949907,12.7172913063654,9.90117193308648,17.2512942044182,4.37504733234285
"619",231.869287299065,17.4341876203782,12.0344400425548,21.9528955001739,6.31407487301509
"620",260.466508915193,20.3900958338627,14.7103946576372,26.3761828659936,7.25496992324527
"621",205.787566524346,13.253664243526,9.77965541261497,17.3842898091587,4.67008823644014
"622",266.52211946959,23.1214454555482,14.9492059947564,28.0067616788608,8.56560619120692
"623",287.102800673793,24.7201355887384,17.0182232601169,31.0769828971979,8.95982287936745
"624",314.246732884922,29.4219193859748,19.5934090455916,36.2613427022396,10.7953649115972
"625",307.42958265644,29.0465631289505,18.983555514218,35.4067529351784,10.7249508703026
"626",221.519720514899,16.2323176268663,10.9092131316583,20.1122619005061,5.93786791038208
"627",258.358661171125,19.5866448772278,14.877316966641,26.1571156640319,6.82064003119423
"628",277.530825107492,22.6753617195594,16.5527459333145,29.5465806368825,8.02496213768239
"629",283.683213396046,25.5820176184899,16.8022529624586,31.2736062890031,9.43020915651035
"630",242.102431194692,18.4537544572912,13.1555743154623,23.7004155545573,6.59308424465943
"631",239.976121443659,18.834755564745,12.587196085785,23.2580306321647,6.90413286653958
"632",208.574525634504,12.6101405184884,10.2048541181418,17.53045643045,4.26368937108349
"633",239.171143677911,19.4528519389897,12.3986759001051,23.3648711690647,7.24933354404766
"634",283.532534293728,23.7465657253276,16.8596693405903,30.4179695475016,8.50346252862741
"635",234.205174952421,20.4693420391065,11.8040344343987,23.2210563221831,7.86855369330601
"636",273.679351378695,23.19565055597,15.7961755121045,28.9714448228697,8.4383510265094
"637",247.916766803604,15.8314424722447,14.3263973674297,23.671794605789,5.05569541390749
"638",233.017019934779,18.9835632032914,11.8916630850475,22.5727616319654,7.11175343432111
"639",335.706788386482,35.7975622240689,21.1021355148863,41.1111388223654,13.6773652512609
"640",271.327055452876,23.5967274251897,15.7477754846747,29.1226551582171,8.64661430677715
"641",313.85441916136,29.1832491497582,19.5144541283269,36.0564678900865,10.6854444342445
"642",196.367744060549,10.7437406605082,9.0805680196103,15.3595653084639,3.55474027555399
"643",299.614410127102,27.6186622170018,18.3944528415941,34.0421975895256,10.1313236460526
"644",322.716106413252,31.7361584198144,20.1085050258956,37.9896417351661,11.8472516094557
"645",258.2713999148,21.6876886227185,14.5288822350006,26.8260887588846,7.936834743571
"646",269.258331105046,20.4253151231812,15.9274003607593,27.7315663336734,7.03055173260046
"647",287.818613810576,24.2977793656368,17.4173106480882,31.3097740635504,8.66303740609555
"648",285.828705533511,26.0123293068539,17.0017089355166,31.7076275206843,9.60965917700881
"649",272.525184491123,23.6657385014549,15.7268743812264,29.1317775893608,8.69212391600014
"650",246.813379206052,18.2228936656498,13.6249832284359,24.1001851363342,6.38299700274989
"651",202.887178623459,10.7184699428417,9.80495293228793,16.1448700298668,3.39559650372437
"652",214.168486494317,13.6531119541259,10.7256350379779,18.6267652404701,4.67920662195038
"653",271.339337829371,24.9402962287914,15.2680463780521,29.2688195363126,9.41243980656195
"654",240.072844749114,18.8170317749262,12.9044834614879,23.6037352463329,6.82316677630522
"655",273.763465718481,23.2019607240799,15.8634279665185,29.0537916640982,8.42487720094961
"656",267.577357085821,22.414810936929,15.4746554273934,28.2280192405668,8.11278698541963
"657",251.412224254895,20.6733835826831,13.6736775048884,25.3776671801772,7.6023729521879
"658",317.119055622694,29.8532733077224,19.7922104811994,36.6960035288588,10.9671422615847
"659",191.268074442808,8.21651284326353,8.66897336075839,13.6427990826837,2.37863676380071
"660",243.429398239172,19.5001765365352,12.919110616076,23.9623202872454,7.16594055049802
"661",226.459431651219,14.7008088927835,11.8023293221607,20.3342719442503,4.98868925893098
"662",254.197944768382,18.2798629920148,14.3342030850044,24.9078372094459,6.26922508485831
"663",288.320526666878,25.639692486913,17.1775385931725,31.7159638712161,9.38412744013032
"664",254.14272445453,17.9975827462349,14.4227943145431,24.8652500631978,6.111118620951
"665",248.905254998641,17.1897391027056,14.149241708833,24.1566023410398,5.76620840240613
"666",317.978843715033,29.6751233329686,19.8944587527325,36.7164986159221,10.8684702246286
"667",245.602185974256,18.641839702601,13.4789810542205,24.1489254149356,6.62154962605646
"668",278.568610764145,23.4949485531246,16.3804786007184,29.7686777422399,8.46581213800881
"669",245.289207013263,17.231409305386,13.5142691812734,23.4844671160868,5.91046330420536
"670",213.55319074302,14.7089165681705,10.2958579852059,18.6777736658992,5.29591259591911
"671",264.007188296373,25.0927352991977,14.2631039362535,28.2353783603035,9.6962019310458
"672",273.645438661975,22.5457560671525,15.9135026919201,28.7779169258406,8.09193977697713
"673",191.285747257222,10.1346285737881,8.52969571814918,14.4492136261233,3.36633319158453
"674",274.492298402785,23.9593809879573,15.8339764179045,29.3978983787012,8.81070762615131
"675",238.214975062593,18.4381558331161,12.4635765597262,22.9221344806358,6.73566664950059
"676",294.952263189197,29.4718797655493,17.4126050830988,33.8872715742895,11.254853793781
"677",297.234224763355,26.2756780448851,18.1509220102522,33.103105205048,9.51075764448388
"678",252.97740262235,20.353704648991,14.0645510146977,25.6471373405527,7.36470949558463
"679",205.542984027449,12.6629122152743,9.74874435027145,17.054550788242,4.38253653492319
"680",319.704182847633,29.9131468344881,20.2845051137933,37.2723196572898,10.8954979056113
"681",267.051751416833,21.8051784999748,15.2693868027196,27.6972758414778,7.8474636070019
"682",277.794102023025,24.1529600045782,16.0163297647966,29.6928438042078,8.87160242178222
"683",226.247523504394,13.8400276709613,12.046782571845,20.1702362189849,4.51455310237961
"684",283.523243504889,25.2952624066783,16.7926620281458,31.119563859366,9.29029535922283
"685",221.004809553297,13.2249032802425,11.4811231000818,19.2440626447148,4.31460100718289
"686",191.535425060265,9.70914465811009,8.61279481158797,14.3295152030643,3.13281074675754
"687",231.255812925991,16.0807783064272,12.2295034427669,21.4932957195253,5.59187470450472
"688",258.360810530082,21.2822927875183,14.4275989683687,26.5150784968543,7.75200542741473
"689",254.679810470108,19.1139965359034,14.5934874637376,25.6122055368227,6.63475183902434
"690",238.77493182056,18.6301989206658,12.6949768662443,23.280539179987,6.77516072211231
"691",345.801655212198,36.3844640595713,22.0682585471969,42.4660489445151,13.7783100406752
"692",222.736026100202,15.2053651846426,11.5222278165169,20.2763182691611,5.29996347776953
"693",257.889518734826,21.1826936020337,14.4034108433139,26.4342044975518,7.7137495845129
"694",308.015755992411,28.9123124616516,18.9807576354229,35.3332144978638,10.663675757306
"695",234.459843487454,15.8318438940791,12.5446795704893,21.7157130554054,5.4082845175291
"696",272.203864600742,22.0345800164016,16.1583379720516,28.7905557632549,7.78525956018006
"697",238.42418664905,17.9153045797324,12.7023384928928,22.9287096695964,6.41902182705141
"698",242.034617293768,18.646499286415,12.9682515834857,23.588555015367,6.73079662624965
"699",239.277194518088,17.3119318925335,12.7103760119451,22.6347632237736,6.11578100636404
"700",293.622641351412,25.2346170128215,17.9955153577783,32.410342500094,9.01871219505782
"701",303.969229567738,27.9016389433598,18.7447336875391,34.571694478323,10.1958821744786
"702",213.01092858435,13.7907208068198,10.4484855679982,18.3876558782284,4.80686130086947
"703",246.018179901856,19.1602666581538,13.5277409692252,24.4611287758442,6.87625844417107
"704",267.118447032906,22.5980879711851,15.1792883408903,27.9939509174731,8.26699370738199
"705",223.475300012649,17.1821716278896,11.0836413731109,20.7837683126552,6.37503852714829
"706",206.675933587284,11.4942586044146,10.0582680003051,16.8103322017979,3.73885472725183
"707",282.523839392599,25.9779715283105,16.3539612362881,30.9751320177123,9.72257328734134
"708",207.341597142428,10.1372676014892,10.4347561911689,16.5480249499423,2.98242773887208
"709",292.913693269446,25.6759999124192,17.7444559146031,32.3574334875507,9.28683432769215
"710",229.906840755014,17.4926523649146,11.733160356381,21.6524155107286,6.40121836863213
"711",268.965281158295,22.0739839484689,15.3732195534621,27.9485273204575,7.96018002555362
"712",313.09323577287,27.5140106179557,19.7869646421581,35.5231108920976,9.80001878427615
"713",281.102223972907,25.8717013094441,16.4057189963223,30.9837390224688,9.65353616131594
"714",234.275858248803,16.252134190755,12.730951175888,22.128482775972,5.58175835588029
"715",258.557886699638,19.6255844551757,14.687703121466,25.9702451508297,6.87674875909447
"716",253.001866757322,20.1587918468431,14.0468101847002,25.5292094609869,7.27145344606746
"717",268.178533483832,21.8508496704626,15.5778022551466,28.0612114659127,7.80921773236793
"718",189.752647172763,10.7723273944238,8.13877202058295,14.3414275917039,3.75329305232493
"719",216.439810272127,14.7434884264043,10.6092993745905,19.0450979605583,5.24560718573644
"720",278.212068330621,24.7877768101926,16.1458256442074,30.1576689680089,9.16021957217603
"721",271.821984304118,22.963747377987,15.7020142854127,28.7523961141846,8.34235146073842
"722",311.403411697567,30.7266622466755,19.0647591611403,36.3310210605111,11.5518561262856
"723",277.611781866222,21.4961031271343,16.4752561509445,28.8703750670844,7.45501238400329
"724",290.711669712722,26.1172808050242,17.3108679984115,32.0979722918177,9.59879810348528
"725",267.895981355934,23.936001468596,15.3034451771915,28.8020571846255,8.90600889821916
"726",218.72467233308,14.8246670377834,10.7627645400017,19.2542859750147,5.25446739510876
"727",284.933032558482,23.9835223074216,17.1674412021054,30.8776911586268,8.55560572877887
"728",255.55824932953,18.9020268756062,14.5851917016645,25.4955316080616,6.53278312422184
"729",262.52291741097,22.1756138122261,14.6928645998725,27.2466005360863,8.15171784627035
"730",257.740621187516,21.6814993228738,14.4927552754459,26.7825911913403,7.94019236240453
"731",255.737023349279,21.7121402310513,14.1319233987867,26.4030961813954,8.02719326655683
"732",253.743106240787,20.1620845731722,13.9753586648887,25.4550692679703,7.28515393341228
"733",244.342467736825,19.7429823928823,13.0033161827927,24.178598846833,7.2653693025131
"734",206.704234955528,14.4778174643181,9.41802421621836,17.5995035899995,5.35197247796203
"735",218.938737827028,15.2298278819769,10.7470409987184,19.4345122939669,5.46545909523064
"736",233.618114464681,19.9300127575004,11.7003003927676,22.838792266519,7.62357102808677
"737",251.751061148658,20.6158853375409,13.8123461111787,25.4974574895122,7.54951131113349
"738",264.643319236446,20.9747713640599,15.2112825032531,27.2209129945506,7.44148293053769
"739",308.056063719845,27.3141035548789,19.1356051234453,34.7046410392079,9.83607122833473
"740",248.22703664782,17.7595921424535,13.7446054489417,23.9993892458783,6.13102190485426
"741",180.215982240561,9.33887974170742,7.38855927195611,12.7943939888155,3.19388693128521
"742",249.180481693727,18.2356924654795,14.1368983404785,24.6692838104563,6.28650583115117
"743",210.314988315704,11.4566348640006,10.4613230919251,17.2347335263763,3.6408399219505
"744",268.059163269918,21.6799013068003,15.2071919575944,27.5694221046896,7.79816918164596
"745",205.493363454461,11.3343717575751,10.1463276884781,16.8324847189698,3.63366730502571
"746",294.978476782199,25.0794143064327,18.2077486925381,32.5666456606745,8.89944306605922
"747",248.968437821545,18.8445554522189,13.9214338396951,24.7329049555474,6.63995542472136
"748",242.600372658486,18.5204736039122,13.1149655363302,23.6896334203976,6.63783532879901
"749",276.118896710278,25.1996840985489,15.9051461642439,30.0979378582516,9.41748454223574
"750",274.427376824207,23.5550713019345,15.7956546462876,29.1539171100786,8.62021309726765
"751",221.635731930089,15.7492986729367,11.2591064346803,20.2590541537885,5.62435709749236
"752",342.694456058767,32.9506514689061,22.1957926130843,40.8907758003941,12.0363188130417
"753",290.70770470408,24.4831683125775,17.7281295878399,31.7419320619453,8.69838132843216
"754",353.117532333602,33.5279509885652,23.3011429472954,42.3925326561799,12.1077817550879
"755",269.062883384711,22.9509459383958,15.286010927342,28.2907106775784,8.41880782555014
"756",268.017563660805,21.345292141671,15.677878319229,27.9172343002994,7.53777935965472
"757",259.712245717179,19.2884113691917,14.8451152599573,25.9749006651101,6.67580015796303
"758",268.143997414658,22.0431734324203,15.4719939787675,28.0354069764905,7.93273179599219
"759",258.419976993707,18.8616321298462,14.8545732850562,25.7696603448357,6.46030854175504
"760",289.509331339078,26.9803407795557,17.2971797746855,32.5207859492782,10.0254515121534
"761",251.675068098063,22.4930459613624,13.4705051249695,26.0595228087981,8.56160632692717
"762",265.97298557826,21.9488275518806,15.2315368862157,27.7282163179295,7.93051228161247
"763",189.625701238827,11.0892117250549,8.17236389740055,14.53582684885,3.90904761690884
"764",228.912208372857,15.9086806423927,11.9668786337724,21.1185792969336,5.56204778618593
"765",286.180207206265,24.4901158485243,17.1641060328309,31.1264381930173,8.81143951214605
"766",354.748018438317,36.121619609269,23.1445343580713,43.520825519568,13.4307155533831
"767",285.981136938972,27.7408369050583,16.6536019904113,32.1894814071342,10.5383466546905
"768",232.333963746411,17.586095086135,11.9104255180831,21.8954924215387,6.41093208712302
"769",293.545917289858,24.8209829744273,17.8580483114009,32.0564838000591,8.83716076922646
"770",293.846046894576,24.5354904130339,18.15010443205,32.2333955992606,8.63868302388798
"771",281.777847068314,23.1237979244932,16.6700077639403,29.8996543821041,8.22773095916949
"772",274.290856916276,22.1061059789302,16.185986432052,28.8546211405478,7.81945305397058
"773",296.579390476804,26.6302895702188,18.010831437574,33.127243303341,9.71147214757829
"774",205.69064394981,13.2090726767202,9.57285144578639,17.1352259165346,4.69083558483373
"775",254.190490540815,21.0896477460508,13.9535245921241,25.8957733214043,7.75048495848214
"776",211.814139756839,14.2216240761027,10.116481066045,18.2343013276621,5.09340152289461
"777",234.342384449553,16.5090664657154,12.2292722738686,21.708859374379,5.80562125588026
"778",270.028936788472,24.5009587195571,15.4617319656604,29.2587388365205,9.15905577228942
"779",259.266924678516,19.808757337221,14.7125680278509,26.0874602174348,6.96739822099552
"780",236.352326473212,16.053976487725,12.8053380274496,22.1127741624096,5.46574087798377
"781",276.786565516707,25.5384658631344,15.8133011152125,30.1603826254815,9.6114763833747
"782",257.337485906005,20.8831020354003,14.3703436954168,26.2492700344839,7.5724903737157
"783",270.231619623721,23.9569159883039,15.4658775855339,28.9951414241167,8.88302710839555
"784",282.08311767617,22.532838102943,16.9909381629293,29.9544779477046,7.86758604179004
"785",245.723346875106,20.6402637453498,13.2431820351955,24.8902305512642,7.66809916343957
"786",207.218225208773,13.7725229833309,9.87238245952891,17.7491815939176,4.90685020132167
"787",277.878516079602,25.1005202946219,16.0194936689643,30.1744596050709,9.34425045242089
"788",222.235815354637,15.7087233350579,11.0197399024974,19.977926376706,5.64682334805318
"789",400.273911410661,42.0843408677544,27.3475339628221,51.1202706846146,15.5802942394188
"790",296.07553689557,29.9995151625518,17.1303695071769,33.8402752792921,11.5751304241168
"791",281.967548535855,24.0307060251724,16.5731294842525,30.2437411399426,8.70142874536519
"792",231.279594552983,16.1610303636941,12.2445648212471,21.5504853461737,5.63268726974184
"793",172.3793887981,9.03893122140065,6.45000052723303,11.6122533916967,3.23184498547042
"794",319.603169196756,29.8579456906708,19.83751479566,36.7521945110637,10.9587851541197
"795",261.739409560842,21.6026186019842,14.7555527706873,27.0348450771923,7.84805948259161
"796",258.292024050609,19.6272362987141,14.5942388962624,25.8672314753979,6.8948422397403
"797",251.89131222777,19.1073659415808,14.09942826266,25.0634463070344,6.7335675822656
"798",267.900779669645,22.1512652641819,15.5110528760552,28.1372366596256,7.97294346343661
"799",223.561269821012,16.9053646796154,11.115603685547,20.6811706724033,6.22849544277682
"800",260.168371022671,21.7978503633359,14.3925372986419,26.7270070299635,8.02170419533776
"801",272.262146732063,23.251139788783,15.77584865479,28.9788256445807,8.47313576629253
"802",272.382255818018,22.1117750326699,15.7777410758576,28.4121542539152,7.89856395301621
"803",242.429715544703,18.5534457934573,13.0396728994771,23.6220508502474,6.66526601640485
"804",283.759297037057,24.9743230040382,16.6973736585373,30.855818803718,9.14694273871603
"805",275.741315768039,24.5262020060627,16.0894525037215,29.9595730917997,9.04943629584933
"806",269.527218989286,21.0608814624157,15.6577728284613,27.7545744785657,7.40145963969422
"807",284.230756108644,25.215626749147,16.8721257206262,31.1707833670534,9.23105988361609
"808",245.52693613901,17.880653513833,13.7234691556352,24.0367225247834,6.19675811967001
"809",314.700633852313,30.0427213406388,19.6759271583532,36.6630479202963,11.0877782055404
"810",235.8945456576,16.0653428735429,12.6105748435853,21.9077387786013,5.50457271992313
"811",281.741828822205,25.0298812419766,16.2758397163015,30.4152813613868,9.2625173288059
"812",225.18677135899,18.6770421376929,10.91560663618,21.3427839103642,7.15749060689571
"813",257.705105117952,20.6043414062921,14.4025057391193,26.1432615423508,7.42497105941515
"814",364.224253175316,37.4512638520749,24.0303192725453,45.160704826864,13.9197476788881
"815",302.692142210443,27.0219432964158,18.4522369299211,33.8097379120751,9.81648117173688
"816",216.515327266001,14.0060430745822,10.6805533427508,18.7502171918762,4.86835450566578
"817",283.256367526487,23.5770638732099,16.9195233005187,30.4037542018924,8.4011399906321
"818",250.582026596626,17.3672430986903,14.090966952539,24.1833871674289,5.86855401905611
"819",315.661551513229,27.6837177072608,19.9424971786674,35.7773803694149,9.85681328192013
"820",260.866609890307,20.1225240182029,15.036405191001,26.6012024446135,7.05333337683205
"821",223.658403115394,17.07180419133,11.1104974949828,20.7595852665294,6.31299973871864
"822",270.546894748936,20.8361586885686,15.706788341458,27.693055250911,7.27984044243565
"823",248.214623766852,18.1362428948235,13.900505235532,24.3582485959667,6.2861691937981
"824",289.381478210102,27.2321142817787,17.1815295567564,32.5159260192274,10.1814339754334
"825",270.891066601726,23.754736939362,15.5979302322454,29.0296065359962,8.7637021034168
"826",205.254299664077,10.6797619540861,10.121162709082,16.4743183445639,3.31417850118198
"827",283.281208894513,24.1514317453585,16.813324434571,30.5738319032291,8.71069639731507
"828",291.429660382148,27.5137196590352,17.3916262617217,32.8856467119066,10.2809401496812
"829",268.012589298659,20.9928499567051,15.5295269682493,27.5814313187387,7.38698330700953
"830",236.762733817662,18.0703742773855,12.4598758698681,22.7444181055083,6.53932009056172
"831",278.415155266774,22.3507034800332,16.6884013718965,29.5321400031505,7.83980129873933
"832",236.538868279034,18.2684688933171,12.3964838083067,22.771405456896,6.65472605916658
"833",315.081462224482,29.5639755635854,19.5703234925957,36.3082120473235,10.8677409538133
"834",221.480770513423,14.2548906047023,11.2863074607463,19.5446515927263,4.86444362274215
"835",303.581914741386,25.7347499438355,19.1052655296107,33.8817014660184,9.04891085405727
"836",336.053764454775,31.4878100126707,21.9365006358191,39.8754997143746,11.3545146568591
"837",262.224677639113,24.6855062011058,14.267612528615,28.0387221962489,9.48634423878025
"838",282.882969330918,25.7127241036902,16.256251231245,30.7356696253803,9.60982362100823
"839",262.521781198311,20.7513855222635,15.3403565318816,27.2504893181415,7.30639793416464
"840",284.825590084677,24.9316236506961,16.8750692010369,31.0269118053392,9.0907582363566
"841",260.455735697394,19.3768227047945,15.0619124751706,26.2550330147883,6.67451440386468
"842",284.920263401104,26.3301944218969,16.7328772838625,31.5712971367177,9.81749217701735
"843",213.646827120246,15.5963766881363,10.3796431689897,19.2133548819935,5.72636839976129
"844",195.823545994414,10.0073412952954,9.1480046839467,15.0650709657441,3.18070775464774
"845",261.670320477891,19.706794739791,15.0167853043257,26.3716446878276,6.85222792271877
"846",294.794011194428,27.013380552356,17.7875476289012,33.0718300023941,9.94920303604074
"847",297.850132342978,26.5056253454119,18.0447663140964,33.1036890452194,9.64165301201939
"848",296.174504940915,26.0566627853372,18.168450741856,33.0121577334166,9.39713231167965
"849",273.19170394129,22.1588350997449,16.036199152484,28.7171038512074,7.87493286698659
"850",215.951792222534,14.5042904552189,10.411601952751,18.7043739685994,5.17224185540689
"851",234.059959504893,15.4631177703689,12.8410490190139,21.8580919941183,5.16049881383851
"852",286.008769084695,25.2031144464502,17.0277797979885,31.334467843478,9.19631595607767
"853",255.207495645023,21.2565801471183,14.4025578600189,26.4705151691797,7.74574562797613
"854",297.954503620746,26.713182456182,18.0139268913541,33.1716351299395,9.75235494345837
"855",257.750779601622,21.1473374749962,14.4086733753926,26.4232197817403,7.69114557966993
"856",298.361081480358,27.9181000477783,17.8870878472038,33.6323756821288,10.386121275479
"857",273.29506172332,22.0229579568362,16.0595044499259,28.6758994834044,7.7988883582288
"858",290.864711725067,26.2150442099961,17.3398443410991,32.1820145524995,9.64099624403874
"859",250.057158049015,20.4778025520316,13.5266070672983,25.1179357910404,7.53574809917268
"860",204.195336600616,14.0041856367883,9.339358766884,17.2721573809204,5.13865145052355
"861",267.656268827294,23.2030008880594,15.1168471087971,28.2288678394001,8.57850024995067
"862",274.278416864469,23.196038117227,16.1237299738078,29.3334071537674,8.37344664747649
"863",244.642723734135,19.0098622113283,13.1617965745938,23.9794690296519,6.88024033720016
"864",253.710967353006,21.2734680533794,13.6801618155749,25.6849919477742,7.89829601195525
"865",312.037453858903,30.1340179942841,19.3943513636476,36.4017303674106,11.1843933861652
"866",236.864204322671,18.3370260884908,12.5055709329027,22.9241248899888,6.67176551261298
"867",266.994662860626,20.5962053336535,15.5707750897198,27.4241775823682,7.18922009604325
"868",258.417492266869,21.3298699831109,14.3774470485244,26.4820735425643,7.78618404834536
"869",212.219045220108,11.6683553272896,10.8990382575686,17.8215153541415,3.65640381602423
"870",259.722408890254,21.9287628492186,14.3966622889924,26.7970476729828,8.09219354100301
"871",247.003557479473,18.2337072822433,13.6446652724479,24.1298316003623,6.38598747259536
"872",302.528872964189,28.2142102790647,18.4085211090792,34.3556205877236,10.4277430143539
"873",264.837479355392,21.3368609693609,15.0483998142388,27.2218981486725,7.65844110242173
"874",204.268893483973,12.5866964464463,9.82319568149533,17.1020285672977,4.3243034850815
"875",289.591019325274,25.6865289246634,17.3946508945372,31.9769422622292,9.36562897882121
"876",302.392504857201,26.3876203090603,18.612276730422,33.6662999550657,9.47339084988814
"877",237.981515215453,18.5503766991502,12.4855373975899,23.0086577914486,6.77746412819802
"878",234.584031277715,15.6852688442887,12.5745112445463,21.6751451706797,5.32281154922504
"879",244.40500143616,20.5569548873457,13.1714289039133,24.7694637280223,7.64182837187664
"880",215.801377265687,15.3165381596982,10.261286798228,18.9469414641508,5.60641617543613
"881",224.994612147919,16.5331680214066,11.2754433821413,20.6709865819894,6.0114175807541
"882",246.006823528542,16.6858707896766,13.925374086053,23.6591101949704,5.56069967651384
"883",301.388492934112,27.016941135369,18.4704345264866,33.8277045749726,9.81456755142084
"884",180.483692891851,8.6722612473085,7.32442329777447,12.3904780485572,2.87065549721511
"885",217.997132628347,13.2890135862828,11.076856633542,18.8299462815828,4.43030264313405
"886",302.935213078643,25.6885572900293,18.9636571055936,33.7034587124817,9.05808529060133
"887",278.341233086207,23.6330767558242,16.2635770427366,29.7073724176681,8.56296778077236
"888",238.913752111401,17.4612739432507,12.8552204968071,22.8701931046153,6.15872145986335
"889",237.450062805802,15.5386182053975,12.9315116892372,21.9932341449051,5.18252441636263
"890",280.955132674234,25.5374523585603,16.3058970635125,30.7013245562872,9.50994802325141
"891",247.053854844864,19.9380034638197,13.1399068609394,24.4227433749141,7.3384230552169
"892",300.035923397686,26.6357547099995,18.5025444522428,33.6677992897226,9.61873786880334
"893",251.787985015389,21.4793422175079,13.7119691577104,25.8204804325415,8.00046115291156
"894",274.233534128189,21.1158490039005,16.2251064314464,28.4021512002715,7.31459276660797
"895",280.857710157512,22.1498838824377,16.9493784367677,29.718379347817,7.68642083146595
"896",335.055835670233,33.7681461827928,21.1593125901849,40.1605434704497,12.6497850802163
"897",314.034453017244,29.871703814649,19.3048137753237,36.1710120538096,11.0742779566824
"898",262.670845930524,20.7853735907789,15.032250302185,26.9319531179016,7.38365832321162
"899",275.895147584523,22.3207017367317,16.2091126165409,28.9886268278861,7.92246498856774
"900",216.654115652887,10.7051938349143,11.2896764439456,17.7699076039892,3.09703086188399
"901",261.357208402023,20.8444956971466,14.9304010321304,26.8459777276351,7.43560071739759
"902",280.511902396841,22.8939740195538,16.6062906400964,29.7120689928481,8.12544831929233
"903",296.717972678713,28.0897631058897,17.7220720749234,33.5390578359155,10.5006601766565
"904",270.52003150826,25.3558989184968,15.0875218895782,29.2729915899986,9.65810994009377
"905",296.160538848854,24.5762399609743,18.3879377492575,32.5169643749465,8.6120373936914
"906",270.119011202766,20.4105443090366,15.8612699106765,27.6542834670138,7.03037597441808
"907",239.474733673804,19.7645224192272,12.2897237207711,23.3993394871808,7.42817832677401
"908",276.735814445202,22.9161991515741,16.2544475177924,29.3394222535226,8.20561648985809
"909",332.417084222591,31.1739594571234,21.320688846331,39.0417807320064,11.3215268746989
"910",300.804278403498,25.6924945466331,18.6341244266297,33.3404032550042,9.1210700398109
"911",306.686155773788,28.1644674619546,18.7872062971765,34.7519433904083,10.3171304684709
"912",265.098136766635,20.8339884310448,15.2243992166197,27.1644867747943,7.37174418642948
"913",207.997623399576,14.4433150143878,9.70661259304854,17.9001190231908,5.27907728347829
"914",268.123131569079,22.5077613666537,15.4549200212078,28.2564751925807,8.15860749414332
"915",257.003930844732,19.209074648003,14.6935317794658,25.7685775337606,6.66583915009719
"916",258.106303265138,20.3996028834505,14.4408488930868,26.0842464273253,7.31245631173684
"917",322.931883946954,31.7798760799293,20.204314492045,38.1142028719047,11.8500332154656
"918",327.290077963665,32.1776822594011,20.7376297279191,38.9028966054419,11.9376162657175
"919",257.16395288495,20.4743894950351,14.5845743711046,26.2779242378928,7.32462537044215
"920",327.042091804492,27.9583665484501,21.5439423322203,37.6789518477185,9.66676267446655
"921",285.98423335608,26.9786486412517,16.7710301471173,31.9365724818535,10.1311537127228
"922",289.786758387392,23.7380669745786,17.6307320370917,31.2618954279061,8.34132461027855
"923",258.600638071958,21.8660223980025,14.5641388385177,26.9539250251072,8.01683801011744
"924",213.297561151866,12.9823399650415,10.7217075601062,18.2842906611583,4.34973378588653
"925",322.996971200596,33.175767590239,19.9443801300947,38.5281184099316,12.5974922349091
"926",242.369729669443,18.7933903565756,12.8220753392752,23.5011524036726,6.83331298303921
"927",268.963255758112,22.7246176804717,15.4428116384941,28.3479455986411,8.27493443067442
"928",260.000630667802,21.0151981656172,14.5973608797307,26.5659101828443,7.5845648068078
"929",317.244453326545,27.9744146536577,20.1619781946147,36.1647092364517,9.95634740852852
"930",254.931307223256,17.456108737405,14.7533135810397,24.9570871348837,5.77826443762644
"931",237.794502028849,19.2211773270229,12.4930309883255,23.3543029955287,7.10991424300141
"932",280.986054237439,24.0785588439995,16.5432449941483,30.2361713444301,8.73247180191938
"933",199.300820148902,12.8380347676859,8.9611347042038,16.2747556833583,4.62482738315347
"934",257.09413158691,21.070665653259,14.5732985406138,26.5655255066201,7.62367488112898
"935",259.605276754517,23.2244646362771,14.1511808307112,27.1803647991485,8.77875214580026
"936",203.406303459514,12.5753260940345,9.43120979844593,16.6622938067674,4.40064550166402
"937",277.851791900522,23.3550758992145,16.2971419322239,29.607668618705,8.41394665827321
"938",324.682384440206,31.2469699461396,20.5302611621634,38.2058145602634,11.5184310105743
"939",321.84055957978,32.1609725059987,20.0780426697722,38.1641666120687,12.0661548718929
"940",251.854198879935,18.1966573289385,14.4137388928206,24.9543164665681,6.21387317693441
"941",280.558652968484,23.013094560038,16.8171316286018,30.0076821700611,8.13720271265872
"942",259.675014726026,19.8900490743865,14.785728883698,26.2078683682046,6.98838486868754
"943",270.629650789449,21.4969008175231,15.8397824895871,28.1713207152675,7.58101563674107
"944",231.235628505958,14.976040560412,12.4243219631174,21.1563267334037,5.00329341695101
"945",264.309342544241,20.3026534619123,15.0224898490683,26.6754827862784,7.14819691188675
"946",313.83351925268,30.4885192104471,19.2342164643222,36.4005097849123,11.4012761423593
"947",222.139159154625,15.1782246894274,11.4861681895942,20.2271960221498,5.28929915565595
"948",274.42176779487,21.5823996748479,16.2618502499136,28.676138686048,7.5400252869436
"949",227.062421039389,16.0438307126591,11.4954712335209,20.6702173518475,5.71809645532667
"950",274.702298591071,23.0465796418795,15.9413548893648,29.0562410417656,8.33544901465035
"951",303.659349949655,31.4273841990438,18.0562220087679,35.5775057888616,12.0993300449791
"952",260.916223400187,22.910454913995,14.4878507777109,27.3883973547312,8.56211148758872
"953",230.942577118775,16.1701182929953,12.2730819322261,21.5866729247869,5.62872668710273
"954",275.047909744878,24.0548281601297,15.8431871486989,29.4551343683697,8.86281463731696
"955",273.957939730389,24.0423792228092,15.7357916513139,29.3276092520193,8.87999713957797
"956",215.74207091041,14.1497766536382,10.7900819099688,18.9467339336938,4.91216248995408
"957",327.75611295055,29.7597206560734,21.1305414383977,38.1223398886287,10.6513064431937
"958",231.459826939348,15.8509627324599,12.0689208418665,21.2008579869229,5.51002187569058
"959",300.577118481134,27.3434201268567,18.2351834389732,33.7293909699937,10.0239246833641
"960",272.18878575965,25.08922495762,15.0586629181079,29.109709835112,9.5356060629336
"961",305.170179120413,26.1940883125222,18.8305384575714,33.8121172813266,9.32768831122305
"962",270.262963197785,23.1112013407835,15.494923963568,28.6038545832347,8.44983967871077
"963",304.45129662379,27.4399666496515,18.7775151359704,34.3738678289891,9.96386301956732
"964",329.49536362814,31.9493205067408,20.9510874335565,39.0187781347292,11.786752525805
"965",240.555242415207,17.4078892496759,12.8897594286938,22.8814210960453,6.12856474538144
"966",252.708242287574,20.0119206830755,14.1730898364665,25.5955197593314,7.16803123989092
"967",322.153441593372,29.9285588180746,20.5669500955812,37.5874314774255,10.854366166694
"968",223.605401378648,17.2949579823194,10.8780496072481,20.6136747658567,6.47226777965007
"969",294.63384271507,25.2181117260785,17.8011178037801,32.1918130369079,9.04723134884925
"970",276.794660711972,24.7424540522441,16.1580539964655,30.147228354396,9.13412906944489
"971",293.817607884675,28.0821680026449,17.4399038492621,33.2248185627785,10.5494395268431
"972",250.009840415457,20.0272950839992,13.5861072873695,24.9584792227831,7.29923424060454
"973",241.564176112195,18.8716652886269,12.8219231374325,23.5422813393608,6.86592397033005
"974",293.668091768738,25.5109056383559,17.711589189517,32.2369393402971,9.21363483929626
"975",253.161892423735,19.7062265612926,14.1012675922033,25.3647285773533,7.02952836165413
"976",271.80664672528,23.7032196948949,15.6070659494598,29.017963190267,8.73387669600593
"977",222.819074734282,14.1641670942498,11.4850103337917,19.7159630890454,4.78641440076396
"978",187.671724893165,10.4682681753388,8.20855992317008,14.2641950072428,3.59140856110652
"979",343.990880608613,33.79978290034,22.4045578981609,41.543330164739,12.416982213346
"980",198.823310240752,11.1486118334411,9.07901731761115,15.5629976363963,3.75445919459592
"981",305.587824276625,26.7711650323473,18.8265844824954,34.0964567698512,9.6201752427039
"982",262.450182432598,22.1637847846422,15.0164359994064,27.5983883337835,8.08190967157467
"983",172.442195816352,7.36575232955961,6.85873319249266,11.2313158191428,2.30584085735615
"984",282.245987326789,25.9543142115908,16.3164259272174,30.9238702417224,9.71665627359777
"985",211.946317617111,12.6177684601521,10.5424632327596,17.9027478623317,4.20305222202231
"986",223.476567085225,15.9641216058646,11.2789693732707,20.3896048348838,5.72583642833529
"987",242.780942744147,19.9057753634188,12.8539135313101,24.0911715025881,7.38078691172539
"988",231.134357951158,12.9960204324676,12.5021463853817,20.2459809920545,4.00081993663913
"989",218.170835570265,12.7114719154223,11.2622784380008,18.7450232655229,4.09830843372448
"990",284.212363959783,25.0520521801231,16.60396744191,30.7915997334838,9.20268745711144
"991",257.5431354408,20.2645026862597,14.4852854532784,26.0652859616194,7.23383964099014
"992",267.155166121779,23.1249607047116,15.0186136585038,28.0842627841237,8.55982658295869
"993",199.486435356636,10.4203963834381,9.4557999805259,15.6109270579489,3.3189314293561
"994",309.99922528704,25.8839181006893,19.6375939313345,34.5419225963555,9.0168419262567
"995",285.399492807549,25.3877879698722,16.8884790174196,31.2709297724092,9.31740111918732
"996",281.194949837683,24.5173432784015,16.6604306583872,30.5848605801023,8.92014153418558
"997",320.797210567463,28.8939584700004,20.1748438716083,36.6403319331281,10.4086388877112
"998",263.307490285025,23.0700763391594,14.7715138179168,27.7815438874027,8.58271048267065
"999",258.394854598693,19.9817376611208,14.7829646441506,26.2511603402174,7.03422279052296
"1000",262.766319026312,23.1059310075915,14.5890437578106,27.6031721170137,8.6325430404496
